<?xml version="1.0" encoding="UTF-8"?>
<beans xmlns="http://www.springframework.org/schema/beans"
	xmlns:xsi="http://www.w3.org/2001/XMLSchema-instance"
	xmlns:aop="http://www.springframework.org/schema/aop"
	xmlns:context="http://www.springframework.org/schema/context"
	xsi:schemaLocation="http://www.springframework.org/schema/beans 
    http://www.springframework.org/schema/beans/spring-beans-4.0.xsd
    http://www.springframework.org/schema/context
    http://www.springframework.org/schema/context/spring-context.xsd">


	<!-- Register the bean for DataSource -->

	<bean
		class="org.springframework.jdbc.datasource.DriverManagerDataSource"
		id="dataSource">
		<property name="driverClassName"
			value="com.mysql.cj.jdbc.Driver" />
		<property name="url"
			value="jdbc:mysql://localhost:3306/ibmtraining?serverTimezone=IST"></property>
		<property name="username" value="root"></property>
		<property name="password" value=""></property>


	</bean>

	<!-- Allow Annotations to work -->
	<context:annotation-config></context:annotation-config>

	<!-- Allow the Components to be scannable -->
	<context:component-scan
		base-package="com.ibm.training"></context:component-scan>
<!-- <context:component-scan
		base-package="com.ibm.service"></context:component-scan> -->
</beans>